evaluator_name,avg_bias,bias_std,avg_hallucination,hallucination_rate,avg_cost_usd
gpt-4.1-mini,-0.02250000000000003,0.8281821092372172,0.2819,0.16,0.0002257
gpt-4o-mini,0.08839999999999999,0.5897263875062843,0.1874,0.15,0.00022930000000000002
